url,name,type,imo
/vessels/details/9255945,DIANA,Crude Oil Tanker,9255945
/vessels/details/9634050,SHUN YUE 19,General Cargo Ship,9634050
/vessels/details/9996848,RINA SEA,General Cargo Ship,9996848
/vessels/details/1012610,KAOS,Yacht,1012610
/vessels/details/9975789,BANDA SEA,General Cargo Ship,9975789
/vessels/details/9223734,RISUN 9,General Cargo Ship,9223734
/vessels/details/8954879,POSEIDONS WRATH,Deck Cargo Ship,8954879
/vessels/details/9184677,LOTUS CARIB,Oil Products Tanker,9184677
/vessels/details/1011135,QUANTUM OF SOLACE,Yacht,1011135
/vessels/details/8416798,VINES,General Cargo Ship,8416798
/vessels/details/8731227,RISUN16,General Cargo Ship,8731227
/vessels/details/9276365,RISUN 6,General Cargo Ship,9276365
/vessels/details/9414541,RISUN 7,General Cargo Ship,9414541
/vessels/details/1008920,CUPANI,Yacht,1008920
/vessels/details/9837999,SPECTRE,Yacht,9837999
/vessels/details/7222786,JESTER,Yacht,7222786
/vessels/details/8980282,PANGAEA OCEAN EXPLOR,Yacht,8980282
/vessels/details/9822607,BABAS,Yacht,9822607
/vessels/details/9399583,VICTORIA DEL MAR,Yacht,9399583
/vessels/details/1006702,ELYSIUM,Yacht,1006702
/vessels/details/9024152,STARSHIP,Yacht,9024152
/vessels/details/1005150,MARIA,Yacht,1005150
/vessels/details/1007940,NITA K II,Yacht,1007940
/vessels/details/9685748,SILVER LINING,Yacht,9685748
/vessels/details/9224960,OCEAN STEVNS,Tug,9224960
/vessels/details/9094468,HONG XIN,General Cargo Ship,9094468
/vessels/details/9898618,BACCHANAL,Yacht,9898618
/vessels/details/9391103,CROSSED SABRE,Yacht,9391103
/vessels/details/9627679,MY KNIGHT,Yacht,9627679
/vessels/details/9560728,REMEMBER WHEN,Yacht,9560728
/vessels/details/8668030,HIGHLANDER,Yacht,8668030
/vessels/details/8743842,GRACE,Yacht,8743842
/vessels/details/1009807,AUDACES,Yacht,1009807
/vessels/details/9485473,LADY ELAINE,Yacht,9485473
/vessels/details/9924118,INFINITY,Yacht,9924118
/vessels/details/9802047,ALESSANDRA III,Yacht,9802047
/vessels/details/9897377,JAMAICA III,Utility Vessel,9897377
/vessels/details/8735730,OCEANOS,Yacht,8735730
/vessels/details/9636814,VALINOR,Yacht,9636814
/vessels/details/8980309,GRANDEUR,Yacht,8980309
/vessels/details/8980244,NO BAD IDEAS,Yacht,8980244
/vessels/details/9554652,UMBRA,Yacht,9554652
/vessels/details/9563914,SWEET CAROLINE II,Yacht,9563914
/vessels/details/7525346,HERCULE,Tug,7525346
/vessels/details/9702170,OFFSHORE SUPPLIER,Offshore Tug/Supply Ship,9702170
/vessels/details/9464120,TCB,Yacht,9464120
/vessels/details/9364681,NICOLE EVELYN,Yacht,9364681
/vessels/details/9350587,ZOOM ZOOM ZOOM,Yacht,9350587
/vessels/details/8736667,MY ALL IN,Yacht,8736667
/vessels/details/8657732,MY SEA CLASS,Yacht,8657732
/vessels/details/9028627,ARTEMIS,Yacht,9028627
/vessels/details/9448621,ARTHURS WAY,Yacht,9448621
/vessels/details/8979829,TRUE LOVE,Yacht,8979829
/vessels/details/9869320,JODI ANN,Yacht,9869320
/vessels/details/9025285,M3,Yacht,9025285
/vessels/details/9669847,CATCHING MOMENTS,Yacht,9669847
/vessels/details/8648743,BET ON IT,Yacht,8648743
/vessels/details/8651037,MISS STEPHANIE,Yacht,8651037
/vessels/details/9938119,OFFSHORE SURVEYOR,Research Vessel,9938119
/vessels/details/8996944,BLUE SYMPHONIE,Yacht,8996944
/vessels/details/9927938,OCEAN BLUE MAHOE,Tug,9927938
/vessels/details/1070600,OCULUS,Yacht,1070600
/vessels/details/9347384,OCEANUS V,Offshore Tug/Supply Ship,9347384
/vessels/details/9831725,INSPIRATION,Yacht,9831725
/vessels/details/8783672,GRAND ILLUSION,Yacht,8783672
/vessels/details/9810408,COFINA,Yacht,9810408
/vessels/details/8519045,MALCOLM JONES,Tug,8519045
/vessels/details/9714173,7-OCEANS,Research Vessel,9714173
/vessels/details/1001489,RENA,Yacht,1001489
/vessels/details/8777283,AWAY,Yacht,8777283
/vessels/details/9360049,MY SPIRIT,Yacht,9360049
/vessels/details/1010260,VESPER,Yacht,1010260
/vessels/details/9519080,ARTHURS WAY,Yacht,9519080
/vessels/details/8654132,AVALINA,Yacht,8654132
/vessels/details/9948205,KOJU,Yacht,9948205
/vessels/details/1032074,OPTIMISM,Yacht,1032074
/vessels/details/9684782,OCEAN TALLAWAH,Tug,9684782
/vessels/details/9129990,NOORDERZON,Yacht,9129990
/vessels/details/1007859,RELENTLESS,Yacht,1007859
/vessels/details/9564229,DAYDREAM,Yacht,9564229
/vessels/details/9775024,HMJS SAMUEL SHARPE,Patrol Vessel,9775024
/vessels/details/9775036,HMJS MIDDLESEX,Patrol Vessel,9775036
/vessels/details/7911038,AMAICA II,Buoy/Lighthouse Vessel,7911038
/vessels/details/1006312,MY INDIGO,Yacht,1006312
/vessels/details/9627825,MY ARION,Yacht,9627825
/vessels/details/1008891,BURN RATE,Yacht,1008891
/vessels/details/1011587,KEIKI KAI,Yacht,1011587
/vessels/details/8703141,SUNNY HILL,Yacht,8703141
/vessels/details/1008982,DAKOTA,Yacht,1008982
/vessels/details/9880532,BELLA VITA,Yacht,9880532
/vessels/details/8129515,ALFREDLINTON,Tug,8129515
/vessels/details/339659000,KING OF FUN,Pleasure craft,339659000
/vessels/details/339428000,CALYPSO,Pleasure craft,339428000
/vessels/details/339894000,AMANECER,Pleasure craft,339894000
/vessels/details/339000170,LANIDA,Pleasure craft,339000170
/vessels/details/339819000,JUS CHILLN 3,Pleasure craft,339819000
/vessels/details/339312000,TOUCH,Unknown,339312000
/vessels/details/339194000,HYPERION,Pleasure craft,339194000
/vessels/details/339757000,SEA CHILD II,Sailing vessel,339757000
/vessels/details/339328000,SWEET ESCAPE,Pleasure craft,339328000
/vessels/details/339129000,YOYITA II,Pleasure craft,339129000
/vessels/details/339004000,KAOS OPEN,Pleasure craft,339004000
/vessels/details/339094000,ELYSIAN,Pleasure craft,339094000
/vessels/details/339251000,TO-KALON,Pleasure craft,339251000
/vessels/details/339756000,AMITY,Other type,339756000
/vessels/details/339318000,LIQUID REHAB,Pleasure craft,339318000
/vessels/details/339986000,CRYSTAL BALL,Sailing vessel,339986000
/vessels/details/339244972,DEAD COW 53,SAR,339244972
/vessels/details/339192000,LONE STAR,Pleasure craft,339192000
/vessels/details/339012000,YESENIA,Pleasure craft,339012000
/vessels/details/339096000,RELENTLESS,Pleasure craft,339096000
/vessels/details/339321000,FORE ACES,Pleasure craft,339321000
/vessels/details/339977000,HINDSIGHT,Sailing vessel,339977000
/vessels/details/339244000,TORTUGA,Unknown,339244000
/vessels/details/339812000,OMNIA,Sailing vessel,339812000
/vessels/details/339513000,MTL,Pleasure craft,339513000
/vessels/details/339822000,HIGH OCCUPANCY,Pleasure craft,339822000
/vessels/details/339354000,KEIKI KAI,Pleasure craft,339354000
/vessels/details/339000086,UNO MAS,Pleasure craft,339000086
/vessels/details/339814000,FAVOR,Unknown,339814000
/vessels/details/339000174,SOL,Pleasure craft,339000174
/vessels/details/339000160,VIZIATA,Unknown,339000160
/vessels/details/339254000,MIRA TWO,Pleasure craft,339254000
/vessels/details/339271000,STARSHIP,Pleasure craft,339271000
/vessels/details/339586000,ANTELOPE IV,Pleasure craft,339586000
/vessels/details/339000180,NO SURRENDER,Pleasure craft,339000180
/vessels/details/339000027,MURCIELAGO,Pleasure craft,339000027
/vessels/details/339867000,MAHALO,Pleasure craft,339867000
/vessels/details/339310000,RENA,Pleasure craft,339310000
/vessels/details/339088000,SEA-RENITY,Pleasure craft,339088000
/vessels/details/339482000,SEAHOME,Sailing vessel,339482000
/vessels/details/339232000,MAMMA MIA,Pleasure craft,339232000
/vessels/details/339331000,YOLO,Pleasure craft,339331000
/vessels/details/339969000,WISHING WHALE,Sailing vessel,339969000
/vessels/details/339000135,MADJUST,Pleasure craft,339000135
/vessels/details/339432000,INVICTUS,Pleasure craft,339432000
/vessels/details/339981000,MASHA,Pleasure craft,339981000
/vessels/details/339108000,TRIBE,Sailing vessel,339108000
/vessels/details/339836000,JUS CHILLN,Pleasure craft,339836000
/vessels/details/339926000,JOMAR,Pleasure craft,339926000
/vessels/details/339065000,OMNIA,Pleasure craft,339065000
/vessels/details/339011000,IKAL,Pleasure craft,339011000
/vessels/details/339663000,IMMAGINA,Sailing vessel,339663000
/vessels/details/339342000,MILO,Sailing vessel,339342000
/vessels/details/339571000,SHEPSL XII,Pleasure craft,339571000
/vessels/details/339464000,PLAN A,Pleasure craft,339464000
/vessels/details/339057000,UNDERLORD,Pleasure craft,339057000
/vessels/details/339402000,MY SERENITY,Pleasure craft,339402000
/vessels/details/339911000,4PUPPIES,Unknown,339911000
/vessels/details/339689000,EXUMA,Pleasure craft,339689000
/vessels/details/339928000,MY SEAQUEST,Pleasure craft,339928000
/vessels/details/339481000,ALANDREA,Pleasure craft,339481000
/vessels/details/339000222,BLUFYNN,Pleasure craft,339000222
/vessels/details/339162000,ALCHEMIST,Pleasure craft,339162000
/vessels/details/339127000,NADAN,Pleasure craft,339127000
/vessels/details/339079000,RIO,Pleasure craft,339079000
/vessels/details/339444000,SUMAYA,Pleasure craft,339444000
/vessels/details/339000156,MISS MICHELLE,Pleasure craft,339000156
/vessels/details/339787000,KASHMIR,Pleasure craft,339787000
/vessels/details/339022000,PENJA,Pleasure craft,339022000
/vessels/details/339823000,LADY BAHI,Pleasure craft,339823000
/vessels/details/339644000,EDISON,Pleasure craft,339644000
/vessels/details/339291000,SAMO,Pleasure craft,339291000
/vessels/details/339341000,SUNNY HILL,Other type,339341000
/vessels/details/339062000,INDABLUE,Pleasure craft,339062000
/vessels/details/339598000,UNBRIDLED,Pleasure craft,339598000
/vessels/details/339581000,MY FRISKY LADY,Pleasure craft,339581000
/vessels/details/339186000,VIVACE,Pleasure craft,339186000
/vessels/details/339222000,WRECKLESS,Pleasure craft,339222000
/vessels/details/339039000,C2,Pleasure craft,339039000
/vessels/details/339000067,SY SMITH,Sailing vessel,339000067
/vessels/details/339844000,FORGE AHEAD,Pleasure craft,339844000
/vessels/details/339813000,INVICTUS,Sailing vessel,339813000
/vessels/details/339298000,BELLA,Pleasure craft,339298000
/vessels/details/339785000,COMPASS ROSE,Pleasure craft,339785000
/vessels/details/339476000,MP26,Other type,339476000
/vessels/details/339000056,SETTE III,Pleasure craft,339000056
/vessels/details/339738000,EPIPHANY,Sailing vessel,339738000
/vessels/details/339000153,ALEGRIA,Pleasure craft,339000153
/vessels/details/339087000,GENESIS,Pleasure craft,339087000
/vessels/details/339000013,STILE DI VITA,Pleasure craft,339000013
/vessels/details/339000007,SPECTRE TOO,Pleasure craft,339000007
/vessels/details/339945000,THE HOLDING,Pleasure craft,339945000
/vessels/details/339000053,WRECKLESS,Pleasure craft,339000053
/vessels/details/339269000,CAPELLA,Pleasure craft,339269000
/vessels/details/339091000,EVELYN P,Pleasure craft,339091000
/vessels/details/339635000,FONTANA,Pleasure craft,339635000
/vessels/details/339001000,SV T-REX,Sailing vessel,339001000
/vessels/details/339207000,MAGIC,Pleasure craft,339207000
/vessels/details/339000066,EL 5 MARES,Pleasure craft,339000066
/vessels/details/339315000,MY CHANSON,Pleasure craft,339315000
/vessels/details/339995000,PANACEA,Pleasure craft,339995000
/vessels/details/339178000,OFFLINE,Pleasure craft,339178000
/vessels/details/339000116,HOT TUNA,Pleasure craft,339000116
/vessels/details/339990039,33999-39-99,Unknown,339990039
/vessels/details/339681000,REEL MOTIVATED,Pleasure craft,339681000
/vessels/details/339186305,3391-5-91,Unknown,339186305
/vessels/details/339799000,BYE PASS,Pleasure craft,339799000
/vessels/details/8974714,RISUN 5,General Cargo Ship,8974714
/vessels/details/9885726,SOL,Yacht,9885726
/vessels/details/339519000,EXODUS,Sailing vessel,339519000
/vessels/details/339801098,3398-16-44,Unknown,339801098
/vessels/details/339208510,KPS RARIC BEY,Other type,339208510
/vessels/details/339225000,7 KNOTS,Pleasure craft,339225000
/vessels/details/339793000,KINGSTON 2,Pilot,339793000
/vessels/details/339967000,LA PAZ II,Sailing vessel,339967000
/vessels/details/339216519,ZHE21651-9-99,Unknown,339216519
/vessels/details/339736000,DESPERADO,Pleasure craft,339736000
/vessels/details/339000139,OUTTA TOUCH,Pleasure craft,339000139
/vessels/details/339300721,TT VDM,Pleasure craft,339300721
/vessels/details/339000188,SY AVANTI,Pleasure craft,339000188
/vessels/details/339242002,LA GALEREBOUEE 2,Unknown,339242002
/vessels/details/339000225,TOUCH N GO,Pleasure craft,339000225
/vessels/details/339276000,ITHACA,Pleasure craft,339276000
/vessels/details/339990015,33999-15-95,Unknown,339990015
/vessels/details/339213585,LIN21358-5-63,Unknown,339213585
/vessels/details/8990689,SHILOH,Fishing Vessel,8990689
/vessels/details/339995616,SAN99956-16-99,Unknown,339995616
/vessels/details/339235000,ETHER,Pleasure craft,339235000
/vessels/details/339990011,33999-11-95,Unknown,339990011
/vessels/details/339301610,GSRJ JAM-DOCK 1,Other type,339301610
/vessels/details/339100007,3391-7-84,Unknown,339100007
/vessels/details/339000221,RESONANCE,Pleasure craft,339000221
/vessels/details/339117000,TOO SHALLOW,Pleasure craft,339117000
/vessels/details/339077000,OSO MALO,Unknown,339077000
/vessels/details/339692000,DRIFTER,Pleasure craft,339692000
/vessels/details/339809000,MERCY,Unknown,339809000
/vessels/details/339693000,DEEP BLUE,Pleasure craft,339693000
/vessels/details/339990006,A33999006-6 10,Unknown,339990006
/vessels/details/339000028,QUINTESSENTIAL,Pleasure craft,339000028
/vessels/details/339000075,ABIDE,Sailing vessel,339000075
/vessels/details/339801102,3398-20-83,Unknown,339801102
/vessels/details/339000105,MARITIME SPIRITS,Pleasure craft,339000105
/vessels/details/8353051,THUNDER,Yacht,8353051
/vessels/details/339151000,ISLAND COWBOY,Pleasure craft,339151000
/vessels/details/339246000,EMMILIZA,Pleasure craft,339246000
/vessels/details/339242005,LA GALEREBOUEE 5,Unknown,339242005
/vessels/details/339686000,DADDY,Pleasure craft,339686000
/vessels/details/339493000,LA PACE,Pleasure craft,339493000
/vessels/details/339000209,CASA BRI MARE,Pleasure craft,339000209
/vessels/details/339377000,SOLEADO,Pleasure craft,339377000
/vessels/details/339301080,ALKHUDAIR STAR,Cargo ship,339301080
/vessels/details/339274000,WOLFPACK,Pleasure craft,339274000
/vessels/details/339548000,WIKI WIKI,Pleasure craft,339548000
/vessels/details/339101000,EMRYS,Pleasure craft,339101000
/vessels/details/339415000,SY MOJEKA,Unknown,339415000
/vessels/details/339000204,MY STRELLERO,Pleasure craft,339000204
/vessels/details/339801024,3398-24-99,Unknown,339801024
/vessels/details/8977895,CARIBBEAN QUEEN,Passenger Ship,8977895
/vessels/details/9100011,HARVEY LONG,Tug,9100011
/vessels/details/339245000,MAGNUM RIDE,Pleasure craft,339245000
/vessels/details/8851235,DUKE.FULLER,Tug,8851235
/vessels/details/339801103,3398-21-94,Unknown,339801103
/vessels/details/339000076,LOWLANDER,Pleasure craft,339000076
/vessels/details/339493295,PLATINUM PREDATOR,Pleasure craft,339493295
/vessels/details/339229000,ICEBERG,Pleasure craft,339229000
/vessels/details/339591000,ALLURE,Sailing vessel,339591000
/vessels/details/8681769,7 KNOTS,Yacht,8681769
/vessels/details/339801100,3398-18-99,Unknown,339801100
/vessels/details/8939374,ANTHONY BOY II,Fishing Vessel,8939374
/vessels/details/339497000,BLUE PEARL,Unknown,339497000
/vessels/details/339801023,3398-23-30,Unknown,339801023
/vessels/details/8508101,ROUGH RIDER,Fishing Vessel,8508101
/vessels/details/339984000,ABOUT TIME,Pleasure craft,339984000
/vessels/details/9066631,3RD LIGHT,Tug,9066631
/vessels/details/339943000,QUEEN NILSA DORALIZ,Pleasure craft,339943000
/vessels/details/9768344,NANNY OF THE MAROONS,Patrol Vessel,9768344
/vessels/details/339123456,MY AMANTE,Pleasure craft,339123456
/vessels/details/339780104,33978-4-80,Unknown,339780104
/vessels/details/339611083,33961-83 90,Unknown,339611083
/vessels/details/339547000,ALERYA,Unknown,339547000
/vessels/details/339585000,THE CAPITAL,Pleasure craft,339585000
/vessels/details/339218589,ZHELIN21858-9-99,Unknown,339218589
/vessels/details/339800001,JINFENGMAN-1-98,Unknown,339800001
/vessels/details/9968384,HMJS NORMAN MANLEY,Patrol Vessel,9968384
/vessels/details/339896000,CATALANA,Pleasure craft,339896000
/vessels/details/339122000,CLARITY,Pleasure craft,339122000
/vessels/details/339869005,3398-5-43,Unknown,339869005
/vessels/details/339990016,33999-16-94,Unknown,339990016
/vessels/details/339990017,33999-17-99,Unknown,339990017
/vessels/details/339611084,33961-84 90,Unknown,339611084
/vessels/details/339261000,WILDCHILD,Pleasure craft,339261000
/vessels/details/339000074,CARPE DIEM,Pleasure craft,339000074
/vessels/details/339333304,00456-21-73,Unknown,339333304
/vessels/details/339000211,FIVE PALMS,Pleasure craft,339000211
/vessels/details/339125000,SOL,Pleasure craft,339125000
/vessels/details/339801096,3398-14-42,Unknown,339801096
/vessels/details/8627672,TRIUMPHANT LADY,Yacht,8627672
/vessels/details/339359000,TT BACCHUS,Pleasure craft,339359000
/vessels/details/339242004,LA GALEREBOUEE 4,Unknown,339242004
/vessels/details/339000001,CLAIRE,Pleasure craft,339000001
/vessels/details/339103000,FBI III,Unknown,339103000
/vessels/details/339000216,GALAXY ZIBO,Pleasure craft,339000216
/vessels/details/1032543,MERCY,Yacht,1032543
/vessels/details/339463002,3394-0269,Unknown,339463002
/vessels/details/339257000,BLU,Pleasure craft,339257000
/vessels/details/8678164,GURU,Offshore Tug/Supply Ship,8678164
/vessels/details/339186304,3391-4-98,Unknown,339186304
/vessels/details/339000166,MV CAMILA DEL MAR,Pleasure craft,339000166
/vessels/details/339218909,LIN21890-9-81,Unknown,339218909
/vessels/details/339186433,MU1M58TUP6GSQY,Other type,339186433
/vessels/details/339000046,LIMITLESS,Sailing vessel,339000046
/vessels/details/339000042,JUST A VACATION,Pleasure craft,339000042
/vessels/details/339829002,INSPIRATION PWC2,Other type,339829002
/vessels/details/339000194,LA KAI,Pleasure craft,339000194
/vessels/details/339005000,SCORPIO,Pleasure craft,339005000
/vessels/details/339999999,GLONG 205 F16,Fishing vessel,339999999
/vessels/details/1032672,HENGSHENGHAI7,Oil Products Tanker,1032672
/vessels/details/339611080,33961-80 90,Unknown,339611080
/vessels/details/8940397,BRYCE,Fishing Vessel,8940397
/vessels/details/339768000,M.Y. CRISTHI,Pleasure craft,339768000
/vessels/details/339469000,FAIR PROSPECT,Pleasure craft,339469000
/vessels/details/339142000,SEA GLASS,Pleasure craft,339142000
/vessels/details/339278000,GAIA,Pleasure craft,339278000
/vessels/details/339995617,SAN 99956-17-29,Unknown,339995617
/vessels/details/339000141,ALLORA,Pleasure craft,339000141
/vessels/details/339990038,33999-38-97,Unknown,339990038
/vessels/details/339860308,3398-8-76,Unknown,339860308
/vessels/details/339212599,LIN21259-9-63,Unknown,339212599
/vessels/details/339000073,KINGS LAIR,Pleasure craft,339000073
/vessels/details/339801025,3398-25-68,Unknown,339801025
/vessels/details/339684000,TRIPLE888EIGHT,Pleasure craft,339684000
/vessels/details/7730288,OCEAN LADY,Fishing Vessel,7730288
/vessels/details/339219000,CREED,Pleasure craft,339219000
/vessels/details/1061300,SOLARIS,Yacht,1061300
/vessels/details/339272000,NEX-T,Pleasure craft,339272000
/vessels/details/339000234,MAVE,Pleasure craft,339000234
/vessels/details/339766000,ALEXANDRA JANE,Pleasure craft,339766000
/vessels/details/339179000,AMWAJ,Pleasure craft,339179000
/vessels/details/339023403,JR FLEI,Pleasure craft,339023403
/vessels/details/339429000,DUENO DEL MAR,Pleasure craft,339429000
/vessels/details/339000072,AIDA,Pleasure craft,339000072
/vessels/details/339574000,TAKE FIVE,HSC,339574000
/vessels/details/339600001,3396-1-99,Unknown,339600001
/vessels/details/339300890,WISELY,Tanker,339300890
/vessels/details/8948674,RIP TIDE,Fishing Vessel,8948674
/vessels/details/339475000,SEE WORTHY,Pleasure craft,339475000
/vessels/details/339000034,NAMASTAY,Pleasure craft,339000034
/vessels/details/339860311,3398-11-52,Unknown,339860311
/vessels/details/339000071,CUPCAKE,Pleasure craft,339000071
/vessels/details/8990835,BLUE ANGEL,Fishing Vessel,8990835
/vessels/details/339834000,SPICY TUNA,Pleasure craft,339834000
/vessels/details/339000137,AURORA,Pleasure craft,339000137
/vessels/details/339000129,GOOD DAY SUNSHINE,Pleasure craft,339000129
/vessels/details/339385000,BLUE MOON,Sailing vessel,339385000
/vessels/details/339996000,LIMITLESS,Pleasure craft,339996000
/vessels/details/339006000,THRIVING,Pleasure craft,339006000
/vessels/details/339000207,TT VESPER,Pleasure craft,339000207
/vessels/details/339990822,12024-8-8 30,Unknown,339990822
/vessels/details/1081910,ANDREIKA V,Yacht,1081910
/vessels/details/8957780,CAPTAIN BRODY,Fishing Vessel,8957780
/vessels/details/339895000,TT AMANECER,Pleasure craft,339895000
/vessels/details/339120829,LIN12082-9-43,Unknown,339120829
/vessels/details/339100009,3391-9-76,Unknown,339100009
/vessels/details/339801022,3398-22-98,Unknown,339801022
/vessels/details/339619000,GAIA,Pleasure craft,339619000
/vessels/details/339000202,ROMANI,Pleasure craft,339000202
/vessels/details/339000008,RAMASHA,Pleasure craft,339000008
/vessels/details/339935000,ECLIPSE,Pleasure craft,339935000
/vessels/details/7618179,ELIZABETH,Tug,7618179
/vessels/details/339711000,JUST ENOUGH,Unknown,339711000
/vessels/details/339122879,LIN12287-B9-93,Unknown,339122879
/vessels/details/339186303,3391-3-76,Unknown,339186303
/vessels/details/339105000,PATIENCE,Pleasure craft,339105000
/vessels/details/339155000,PROSPECT II,Pleasure craft,339155000
/vessels/details/339216225,LIN21622-5-94,Unknown,339216225
/vessels/details/339216574,3392-4-85,Unknown,339216574
/vessels/details/339221000,MY SYMPHONY,Pleasure craft,339221000
/vessels/details/339559000,IMAGINE,Sailing vessel,339559000
/vessels/details/7318937,COSMO BOWEN,Tug,7318937
/vessels/details/339238000,TRILO BITE,Pleasure craft,339238000
/vessels/details/339118003,S10,Pleasure craft,339118003
/vessels/details/339395000,ZIMAYA,Unknown,339395000
/vessels/details/339242001,LA GALEREBOUEE 1,Unknown,339242001
/vessels/details/8978344,SINBAD,Yacht,8978344
/vessels/details/339622000,IRINA,Pleasure craft,339622000
/vessels/details/8803355,BENTLEY-KING,Tug,8803355
/vessels/details/8659704,MY ATLAST,Yacht,8659704
/vessels/details/339990026,33999-26-99,Unknown,339990026
/vessels/details/339671000,HG,Pleasure craft,339671000
/vessels/details/339601000,JAMAICA II,Tug,339601000
/vessels/details/339000229,PROPOSITION,Pleasure craft,339000229
/vessels/details/9091521,TOUCH,Yacht,9091521
/vessels/details/339870000,RANGO,Pleasure craft,339870000
/vessels/details/339053539,SHENG05353-9-02,Unknown,339053539
/vessels/details/339708000,3 KINGS,Pleasure craft,339708000
/vessels/details/339874000,BRIGHTLINE,Unknown,339874000
/vessels/details/339754000,PANTERA,Pleasure craft,339754000
/vessels/details/8979831,BELLA,Yacht,8979831
/vessels/details/7923213,REDEMPTION SONG,Fishing Vessel,7923213
/vessels/details/339998000,AVICA,Pleasure craft,339998000
/vessels/details/9282302,GEORGE MUNRO,Tug,9282302
/vessels/details/339575712,3394-33-94,Unknown,339575712
/vessels/details/339000101,SERENDIPITOUS,Pleasure craft,339000101
/vessels/details/339227000,ECHO TOO,Pleasure craft,339227000
/vessels/details/339284000,VESPER LYND,Pleasure craft,339284000
/vessels/details/8790302,SILVER STAR,Offshore Support Vessel,8790302
/vessels/details/339000177,TYPHOON,Pleasure craft,339000177
/vessels/details/339765000,MY DASH,Pleasure craft,339765000
/vessels/details/339411000,CHANTUL,Pleasure craft,339411000
/vessels/details/339375000,EROS,Pleasure craft,339375000
/vessels/details/339000119,MARY KATHLENE,Pleasure craft,339000119
/vessels/details/339801094,3398-12-58,Unknown,339801094
/vessels/details/339992000,RISK AND REWARD,Pleasure craft,339992000
/vessels/details/339869503,3398-3-93,Unknown,339869503
/vessels/details/339600002,3396-2-89,Unknown,339600002
/vessels/details/339000152,SEASPEAK,Pleasure craft,339000152
/vessels/details/339218000,BIKINI BOTTOM,Pleasure craft,339218000
/vessels/details/339000108,MY WAY,Pleasure craft,339000108
/vessels/details/339000065,IN THE ZONE,Pleasure craft,339000065
/vessels/details/9214238,HERMON KING,Tug,9214238
/vessels/details/339656000,DOOR PRIZE 3,Pleasure craft,339656000
/vessels/details/339054000,JOINT VENTURE,Pleasure craft,339054000
/vessels/details/339000224,LAST LAUGH,Pleasure craft,339000224
/vessels/details/339066628,896-28-86,Unknown,339066628
/vessels/details/8939738,PIA VALENTINA,Fishing Vessel,8939738
/vessels/details/339896006,3398-6-37,Unknown,339896006
/vessels/details/339242006,LA GALEREBOUEE 6,Unknown,339242006
/vessels/details/339053000,HALCYON,Pleasure craft,339053000
/vessels/details/339871000,RESET,Pleasure craft,339871000
/vessels/details/339896008,3398-8-53,Unknown,339896008
/vessels/details/9771107,OCEAN KINGSTON PRID,Tug,9771107
/vessels/details/339120389,LIN12038-9-99,Unknown,339120389
/vessels/details/339073000,PIER PRESSURE,Pleasure craft,339073000
/vessels/details/339153000,TT EXUMA,Pleasure craft,339153000
/vessels/details/339066630,896-30-77,Unknown,339066630
/vessels/details/339869504,3398-4-04,Unknown,339869504
/vessels/details/339066629,896-29-32,Unknown,339066629
/vessels/details/339205000,MY VITESSE,Pleasure craft,339205000
/vessels/details/339975000,GRATITUDE,Pleasure craft,339975000
/vessels/details/339339000,MY BACCHUS,Unknown,339339000
/vessels/details/339773000,GRANDEUR,Pleasure craft,339773000
/vessels/details/339304000,MY.SINBAD,Other type,339304000
/vessels/details/339099000,UNICORN,Pleasure craft,339099000
/vessels/details/339000064,DADDYS,Pleasure craft,339000064
/vessels/details/339045000,B HAPPY,Pleasure craft,339045000
/vessels/details/339186432,MU1M58TUP6USYY,Other type,339186432
/vessels/details/9909560,ALEXANDER BUSTAMANTE,Patrol Vessel,9909560
/vessels/details/339915000,FREE SPIRIT,Pleasure craft,339915000
/vessels/details/339669000,TT SEA FOREVER,Pleasure craft,339669000
/vessels/details/8979805,TURQUOISE,Yacht,8979805
/vessels/details/339242003,LA GALEREBOUEE 3,Unknown,339242003
/vessels/details/339990030,33999-30-99,Unknown,339990030
/vessels/details/339780101,33978-1-74,Unknown,339780101
/vessels/details/339615000,TT BG,Pleasure craft,339615000
/vessels/details/339747000,RA,Pleasure craft,339747000
/vessels/details/339301350,KINGSTON 3,Pilot,339301350
/vessels/details/339712000,PRINCESS III,Pleasure craft,339712000
/vessels/details/339990029,33999-29-99,Unknown,339990029
/vessels/details/339085000,BEACHFRONT II,Pleasure craft,339085000
/vessels/details/339801101,3398-19-87,Unknown,339801101
/vessels/details/339118002,LIMO,Pleasure craft,339118002
/vessels/details/339086000,ABOUT TIME,Pleasure craft,339086000
/vessels/details/339069000,SOLARIS,Pleasure craft,339069000
/vessels/details/9855757,SINCERENICE 1,General Cargo Ship,9855757
/vessels/details/339800003,JINFENGMAN-3-83,Unknown,339800003
/vessels/details/339247000,PERSISTENCE,Other type,339247000
/vessels/details/339463004,3394-0433,Unknown,339463004
/vessels/details/339100008,3391-8-65,Unknown,339100008
/vessels/details/339860302,3398-2-88,Unknown,339860302
/vessels/details/339063000,ESCAPADE,Pleasure craft,339063000
/vessels/details/339780103,33978-3-78,Unknown,339780103
/vessels/details/339780102,33978-2-70,Unknown,339780102
/vessels/details/8357423,DONG SHENG,General Cargo Ship,8357423
/vessels/details/339000015,EMPTY NEST,Pleasure craft,339000015
/vessels/details/339025000,GEMINI,Pleasure craft,339025000
/vessels/details/339538000,TIME OUT,Pleasure craft,339538000
/vessels/details/339000126,AMERICAN HONEY,Unknown,339000126
/vessels/details/339846000,TIGERLILY TOO,Sailing vessel,339846000
/vessels/details/339801095,3398-13-49,Unknown,339801095
/vessels/details/339219899,LIN21989-9-89,Unknown,339219899
/vessels/details/339931000,AQUA LIFE,Pleasure craft,339931000
/vessels/details/339083000,HONEY POT,Pleasure craft,339083000
/vessels/details/339582000,GIGI,Pleasure craft,339582000
/vessels/details/339494944,3394-44-57,Unknown,339494944
/vessels/details/339792000,KINGSTON-1,Pilot,339792000
/vessels/details/339572000,SHAIMA,Sailing vessel,339572000
/vessels/details/8623444,W. I. P DEPENDABLE,Tug,8623444
/vessels/details/339219155,LIN21915-5-54,Unknown,339219155
/vessels/details/339358000,TT RHINO,Pleasure craft,339358000
/vessels/details/339990022,33999-22-99,Unknown,339990022
/vessels/details/1124102,MINGJIU 72,General Cargo Ship,1124102
/vessels/details/7917836,MRS TAYLOR B,Fishing Vessel,7917836
/vessels/details/339056000,FLYING DUTCHMAN SUNS,Passenger ship,339056000
/vessels/details/339436000,BLUE ABALONE,Pleasure craft,339436000
/vessels/details/339575706,3394-27-69,Unknown,339575706
/vessels/details/339676000,REEL DEAL,Pleasure craft,339676000
/vessels/details/339801211,3398-11-97,Unknown,339801211
/vessels/details/339494954,3394-54-71,Unknown,339494954
/vessels/details/339896007,3398-7-78,Unknown,339896007
/vessels/details/339990018,33999-18-99,Unknown,339990018
/vessels/details/339301000,UNAVAILABLE,Pleasure craft,339301000
/vessels/details/339000004,PASS BYE,Pleasure craft,339000004
/vessels/details/339801201,3398-10-98,Unknown,339801201
/vessels/details/339000011,EDGE-65,Pleasure craft,339000011
/vessels/details/339628000,CONTENT,Pleasure craft,339628000
/vessels/details/339795000,LALE,Pleasure craft,339795000
/vessels/details/339173000,INDIGO,Pleasure craft,339173000
/vessels/details/339800004,JINFENGMAN-4-99,Unknown,339800004
/vessels/details/339186301,3391-1-79,Unknown,339186301
/vessels/details/339300750,WISELY,Cargo ship,339300750
/vessels/details/1061295,HONEY POT,Yacht,1061295
/vessels/details/339775000,MAJA,Pleasure craft,339775000
/vessels/details/339000215,PLAYBOOK,Pleasure craft,339000215
/vessels/details/339118009,GOLDFISH,Pleasure craft,339118009
/vessels/details/339000055,PACKAGE DEAL,Pleasure craft,339000055
/vessels/details/339095000,MARGATE,Pleasure craft,339095000
/vessels/details/339079912,32789-02-10,Unknown,339079912
/vessels/details/339463005,3394-0576,Unknown,339463005
/vessels/details/339718000,SOPHIA,Pleasure craft,339718000
/vessels/details/1136844,RESONANCE,Yacht,1136844
/vessels/details/339998208,33999-18-99,Unknown,339998208
/vessels/details/339134593,3391-3-91,Unknown,339134593
/vessels/details/9865219,SINCERENICE 2,General Cargo Ship,9865219
/vessels/details/339896009,3398-9-87,Unknown,339896009
/vessels/details/339124000,COULD BE WORSE,Sailing vessel,339124000
/vessels/details/339494946,3394-46-54,Unknown,339494946
/vessels/details/339829001,INSPIRATION PWC1,Other type,339829001
/vessels/details/339000114,ANDREIKA V,Pleasure craft,339000114
/vessels/details/339217966,YYZZ991,Pilot,339217966
/vessels/details/339990020,33999-20-99,Unknown,339990020
/vessels/details/339223000,SILVER SHADOW,Pleasure craft,339223000
/vessels/details/8854847,MAMASITA,Fishing Vessel,8854847
/vessels/details/339801099,3398-17-92,Unknown,339801099
/vessels/details/339951000,TT KNIGHT,Pleasure craft,339951000
/vessels/details/8986846,DSCAMP,Tug,8986846
/vessels/details/339000198,LILM,Pleasure craft,339000198
/vessels/details/339925000,AUSSIE RULES,Pleasure craft,339925000
/vessels/details/339393939,GHE LUOI 54-D5,Fishing vessel,339393939
/vessels/details/339961000,REHAB,Pleasure craft,339961000
/vessels/details/339991000,KAII,Pleasure craft,339991000
/vessels/details/339000178,CONNY,Pleasure craft,339000178
/vessels/details/9093816,STAR DIAMOND,Yacht,9093816
/vessels/details/339801097,3398-15-51,Unknown,339801097
/vessels/details/339000148,AZURE,Pleasure craft,339000148
/vessels/details/339525000,THE ANNEX,Sailing vessel,339525000
/vessels/details/339575000,HIDE AWAY,Pleasure craft,339575000
/vessels/details/9069633,MY MAVERICK,Yacht,9069633
/vessels/details/339289000,MILAGROS,Pleasure craft,339289000
/vessels/details/339589000,COVENTINA,Pleasure craft,339589000
/vessels/details/339990019,33999-19-96,Unknown,339990019
/vessels/details/339000122,LUCIA,Pleasure craft,339000122
/vessels/details/339988000,OHANA,Pleasure craft,339988000
/vessels/details/339594000,ESCAPE PLAN,Pleasure craft,339594000
/vessels/details/339463001,3394-0156,Unknown,339463001
/vessels/details/339000098,LIA BELLA,Pleasure craft,339000098
